put_code,type,title,subtitle,year,month,day,journal,volume,issue,pages,doi,url,issn,eissn,isbn,authors,citation_type,citation_value,abstract,abstract_source
202522223,journal-article,Investigating the Effectiveness of Station Staff Guidance in Underground Urban Railway Fire Emergencies: Virtual Reality Experiment,,2026,02,,Journal of Transportation Engineering Part A: Systems,152,2,,10.1061/jtepbs.teeng-9272,https://app.dimensions.ai/details/publication/pub.1195275558,2473-2907,,,Guangxi He; Xiao Li; Yi Zhang; Tao Wang; Bozhezi Peng; Chaoyang Li; Jiaqi Ge; Li Sun; Yingjun Xu,bibtex,"@article{he2026investigatingexperiment,
author = {He, G and Li, X and Zhang, Y and Wang, T and Peng, B and Li, C and Ge, J and Sun, L and Xu, Y},
journal = {Journal of Transportation Engineering Part A Systems},
month = {Feb},
number = {2},
pages = {04025128},
publisher = {American Society of Civil Engineers (ASCE)},
title = {Investigating the Effectiveness of Station Staff Guidance in Underground Urban Railway Fire Emergencies: Virtual Reality Experiment},
volume = {152},
year = {2026},
doi = {10.1061/jtepbs.teeng-9272},
issn = {2473-2907},
keyword = {3509 Transportation, Logistics and Supply Chains},
keyword = {35 Commerce, Management, Tourism and Services},
keyword = {Networking and Information Technology R\&D (NITRD)},
publicationstatus = {published},
}
",,
181751834,journal-article,Predicting adoption of agri-environmental schemes by farmers in the European Union,,2025,03,03,PLOS Sustainability and Transformation,4,3,e0000162,10.1371/journal.pstr.0000162,https://app.dimensions.ai/details/publication/pub.1186159972,2767-3197,,,J McCulloch; J Ge,bibtex,"@article{mcculloch2025predictingunion,
author = {McCulloch, J and Ge, J},
journal = {PLOS Sustainability and Transformation},
month = {Mar},
note = {© 2025 McCulloch, Ge. This is an open access article under the terms of the Creative Commons Attribution License (CC-BY 4.0), which permits unrestricted use, distribution and reproduction in any medium, provided the original work is properly cited.},
number = {3},
publisher = {Public Library of Science},
title = {Predicting adoption of agri-environmental schemes by farmers in the European Union},
volume = {4},
year = {2025},
doi = {10.1371/journal.pstr.0000162},
issn = {2767-3197},
eissn = {2767-3197},
day = {3},
publicationstatus = {published},
}
","Much of the land across the European Union (EU) is threatened by unsustainable land-use through intensive farming. To help combat this, Agri-Environmental Schemes (AESs) are provided by the EU to encourage farmers to use a portion of their land to aid with environmental goals such as sustainable farming, bio-diversity or landscape recovery. Farmers in the EU are given the opportunity to take on an AES for a monetary payment that is based on the choice of scheme and the amount of land dedicated to it. If we know or can accurately predict which farmers adopt which AES, we can then predict if the intended benefits to the environment according to the given scheme are likely to be achieved. As a preliminary step, we develop a generalised linear model coupled with a microsimulation that is fed with data from the Farm Accountancy Data Network to predict AES uptake. We find the model is able to accurately predict approximately 70% of farmers’ decisions on whether to adopt an AES across 27 countries in the EU. In the future, this model can be used to predict, for example, if the chosen schemes adopted will lead to their intended benefits, and if changes in the offered AES payment may affect AES adoption.",crossref
162221530,software,A Bayesian Nash Equilibrium (BNE)-informed ABM for pedestrian evacuation in different constricted spaces (Version 2.0.0),,2024,02,21,,,,,10.25937/8bf3-h968,,,,,Y Wang; J Ge; A Comber,bibtex,"@misc{wang2024a200,
author = {Wang, Y and Ge, J and Comber, A},
month = {Feb},
publisher = {CoMSES Computational Model Library},
title = {A Bayesian Nash Equilibrium (BNE)-informed ABM for pedestrian evacuation in different constricted spaces (Version 2.0.0)},
year = {2024},
doi = {10.25937/8bf3-h968},
keyword = {agent based modeling and simulation},
keyword = {crowd behaviour},
keyword = {game theory},
keyword = {Pedestrian Modelling},
keyword = {Crowd Simulation},
keyword = {Bayesian Nash Equilibrium},
day = {21},
publicationstatus = {published},
}
",,
162221527,data-set,Experimental data of evacuation simulations in an BNE-informed ABM,,2024,02,19,,,,,10.17632/9v4byyvgxh.1,,,,,Yiyu Wang; Jiaqi Ge; Alexis Comber,bibtex,"@misc{wang2024experimentalabm,
author = {Wang, Y and Ge, J and Comber, A},
month = {Feb},
title = {Experimental data of evacuation simulations in an BNE-informed ABM},
url = {https://data.mendeley.com/},
year = {2024},
doi = {10.17632/9v4byyvgxh.1},
day = {19},
}
",,
162221613,conference-paper,Navigation in Complex Space: An Bayesian Nash Equilibrium-Informed Agent-Based Model (Short Paper),,2023,09,07,Leibniz International Proceedings in Informatics,,,,10.4230/LIPIcs.GIScience.2023.78,,1868-8969,,,Y Wang; J Ge; A Comber,bibtex,"@inproceedings{wang2023navigationpaper,
author = {Wang, Y and Ge, J and Comber, A},
booktitle = {Leibniz International Proceedings in Informatics},
month = {Sep},
note = {© Yiyu Wang, Jiaqi Ge, and Alexis Comber; licensed under Creative Commons License CC-BY 4.0.},
organization = {Leeds},
pages = {78:1--78:6},
publisher = {Schloss Dagstuhl, Leibniz-Zentrum fuer Informatik},
title = {Navigation in Complex Space: An Bayesian Nash Equilibrium-Informed Agent-Based Model (Short Paper)},
url = {https://drops.dagstuhl.de/opus/volltexte/2023/18973/},
volume = {277},
year = {2023},
doi = {10.4230/LIPIcs.GIScience.2023.78},
startyear = {2023},
startmonth = {Sep},
startday = {12},
finishyear = {2023},
finishmonth = {Sep},
finishday = {12},
issn = {1868-8969},
keyword = {Agent-based Modelling},
keyword = {Pedestrian Evacuation},
keyword = {Bayesian Nash Equilibrium},
keyword = {Individual Navigation},
keyword = {Complex Environment},
conference = {12th International Conference on Geographic Information Science (GIScience 2023)},
day = {7},
publicationstatus = {published},
}
",,
162221547,journal-article,An Agent-Based Simulation Model of Pedestrian Evacuation Based on Bayesian Nash Equilibrium,,2023,06,30,Journal of Artificial Societies and Social Simulation,26,3,,10.18564/jasss.5037,https://app.dimensions.ai/details/publication/pub.1160283993,1460-7425,,,Y Wang; J Ge; A Comber,bibtex,"@article{wang2023anequilibrium,
author = {Wang, Y and Ge, J and Comber, A},
journal = {Journal of Artificial Societies and Social Simulation},
month = {Jun},
note = {This article is protected by copyright. This is an open access article under the terms of the Creative Commons Attribution License (CC-BY 4.0), which permits unrestricted use, distribution and reproduction in any medium, provided the original work is properly cited.},
number = {3},
publisher = {SimSoc Consortium},
title = {An Agent-Based Simulation Model of Pedestrian Evacuation Based on Bayesian Nash Equilibrium},
url = {https://www.jasss.org/26/3/6.html},
volume = {26},
year = {2023},
doi = {10.18564/jasss.5037},
issn = {1460-7425},
keyword = {Bayesian Nash Equilibrium},
keyword = {Pedestrian Modelling},
keyword = {Crowd Simulation},
keyword = {Game Theory},
keyword = {Agent-Based Simulations},
day = {30},
publicationstatus = {published},
}
",,
162221526,journal-article,A pedestrian ABM in complex evacuation environments based on Bayesian Nash Equilibrium,,2023,06,06,AGILE: GIScience Series,4,,1-4,10.5194/agile-giss-4-50-2023,https://app.dimensions.ai/details/publication/pub.1158867805,2700-8150,,,Y Wang; J Ge; A Comber,bibtex,"@article{wang2023aequilibrium,
author = {Wang, Y and Ge, J and Comber, A},
journal = {AGILE: GIScience Series},
month = {Jun},
note = {© Author(s) 2023. This work is distributed under the Creative Commons Attribution 4.0 License.},
number = {50},
publisher = {Copernicus GmbH},
title = {A pedestrian ABM in complex evacuation environments based on Bayesian Nash Equilibrium},
url = {https://agile-giss.copernicus.org/articles/4/50/2023/agile-giss-4-50-2023.html},
volume = {4},
year = {2023},
doi = {10.5194/agile-giss-4-50-2023},
issn = {2700-8150},
eissn = {2700-8150},
keyword = {Agent-based Modelling},
keyword = {Pedestrian Evacuation},
keyword = {Bayesian Nash Equilibrium},
keyword = {Crowd Simulation},
keyword = {Pedestrian Behaviours},
day = {6},
publicationstatus = {published},
}
","Abstract. This research proposed an improved pedestrian evacuation ABM incorporating Bayesian Nash equilibrium (BNE) to provide more realistic simulations of evacuating behaviours in complex environments. BNE theory was introduced to improve the rationality of model simulations by quantifying individual decision-making process. Latest research put forward that BNE pedestrians (agents) were capable of evacuating faster and displayed more intelligent and representative evacuating behaviours. To further evaluate the role of BNE played in agents’ navigations in complex scenarios, this paper extends the above work by introducing impassable barriers with changeable sizes to realise the simulations in a more complex evacuation space with several narrow corridors. In order to match the demands of efficiently avoiding congestions and impassable areas, the decision-making rule of BNE agents when one patch was occupied by over 10 agents was improved from 100% best strategy to a multi-strategy combination: with 50% optimal strategy, 40% suboptimal strategy and 10% choosing one of the remaining options. It was found that compared with the agents following the other two traditional models, BNE agents could change their original exiting route after considering possible movements of the neighbouring agents and may evacuate through the corridors relatively further from the exit. A detailed introduction of the improved ABM is provided in this paper. Potential research directions are also identified.",crossref
162221523,conference-paper,A pedestrian evacuation ABM in a complex environment based on Bayesian Nash Equilibrium,,2023,04,19,,,,,10.5281/zenodo.7825536,,,,,Y Wang; J Ge; A Comber,bibtex,"@inproceedings{wang2023aequilibrium,
author = {Wang, Y and Ge, J and Comber, A},
booktitle = {},
month = {Apr},
organization = {Glasgow, Scotland},
series = {Geographical Information Science Research UK (GISRUK)},
title = {A pedestrian evacuation ABM in a complex environment based on Bayesian Nash Equilibrium},
year = {2023},
startyear = {2023},
startmonth = {Apr},
startday = {19},
finishyear = {2023},
finishmonth = {Apr},
finishday = {19},
keyword = {Bayesian Nash Equilibrium},
keyword = {Crowd Simulation},
keyword = {Barrier Avoidance},
keyword = {Agent-based Modelling},
keyword = {Pedestrian Evacuation},
conference = {31st Annual Geographical Information Science Research UK Conference (GISRUK)},
day = {19},
publicationstatus = {published},
}
",,
162221550,journal-article,Introduction to the special issue on agent-based models in urban economics,,2023,01,,Journal of Economic Interaction and Coordination,18,1,1-4,10.1007/s11403-022-00375-4,https://app.dimensions.ai/details/publication/pub.1152403862,1860-711X,,,Jason Barr; Jiaqi Ge,bibtex,"@article{barr2023introductioneconomics,
author = {Barr, J and Ge, J},
journal = {Journal of Economic Interaction and Coordination},
month = {Jan},
number = {1},
pages = {1--4},
publisher = {Springer},
title = {Introduction to the special issue on agent-based models in urban economics},
volume = {18},
year = {2023},
doi = {10.1007/s11403-022-00375-4},
issn = {1860-711X},
eissn = {1860-7128},
language = {en},
publicationstatus = {published},
}
",,
162221539,book-chapter,A Preliminary Study of Individual Based Crowd Simulation Based on Bayesian Nash Equilibrium,,2023,,,Springer Proceedings in Complexity,,,329-336,10.1007/978-3-031-34920-1_26,https://app.dimensions.ai/details/publication/pub.1164521344,2213-8684,,9783031349195,Yiyu Wang; Jiaqi Ge; Alexis Comber,bibtex,"@incollection{wang2023aequilibrium,
author = {Wang, Y and Ge, J and Comber, A},
booktitle = {Advances in Social Simulation},
pages = {329--336},
publisher = {Springer Nature},
series = {Springer Proceedings in Complexity},
title = {A Preliminary Study of Individual Based Crowd Simulation Based on Bayesian Nash Equilibrium},
year = {2023},
doi = {10.1007/978-3-031-34920-1_26},
issn = {2213-8684},
keyword = {4005 Civil Engineering},
keyword = {40 Engineering},
publicationstatus = {published},
}
",,
162221535,book-chapter,An Agent-Based Model of UK Farmers’ Decision-Making on Adoption of Agri-environment Schemes,,2023,,,Springer Proceedings in Complexity,,,463-475,10.1007/978-3-031-34920-1_37,https://app.dimensions.ai/details/publication/pub.1164521356,2213-8684,,9783031349195,Chunhui Li; Meike Will; Nastasija Grujić; Jiaqi Ge; Birgit Müller; Arjan Gosal; Guy Ziv,bibtex,"@incollection{li2023anschemes,
author = {Li, C and Will, M and Grujić, N and Ge, J and Müller, B and Gosal, A and Ziv, G},
booktitle = {Advances in Social Simulation},
pages = {463--475},
publisher = {Springer Nature},
series = {Springer Proceedings in Complexity},
title = {An Agent-Based Model of UK Farmers’ Decision-Making on Adoption of Agri-environment Schemes},
year = {2023},
doi = {10.1007/978-3-031-34920-1_37},
issn = {2213-8684},
keyword = {4406 Human Geography},
keyword = {44 Human Society},
keyword = {Generic health relevance},
publicationstatus = {published},
}
",,
162221518,other,An agent-based simulation model of pedestrian evacuation based on Bayesian Nash Equilibrium,,2022,11,25,,,,,10.48550/arXiv.2211.14260,https://app.dimensions.ai/details/publication/pub.1153159000,,,,Y Wang; J Ge; A Comber,bibtex,"@misc{wang2022anequilibrium,
author = {Wang, Y and Ge, J and Comber, A},
month = {Nov},
title = {An agent-based simulation model of pedestrian evacuation based on Bayesian Nash Equilibrium},
url = {http://dx.doi.org/10.18564/jasss.5037},
year = {2022},
doi = {10.48550/arXiv.2211.14260},
keyword = {Bayesian Nash Equilibrium},
keyword = {Pedestrian Modelling},
keyword = {Crowd Simulation},
keyword = {Game Theory},
keyword = {Agent-Based Simulations},
day = {25},
publicationstatus = {published},
}
",,
162221516,other,Agent-Based Modelling for Urban Analytics: State of the Art and Challenges,,2022,10,13,AI Communications,,,,10.48550/arxiv.2210.06955,https://app.dimensions.ai/details/publication/pub.1151884792,,,,Nick Malleson; Mark Birkin; Daniel Birks; Jiaqi Ge; Alison Heppenstall; Ed Manley; Josie McCulloch; Patricia Ternes,bibtex,"@misc{malleson2022agentbasedchallenges,
author = {Malleson, N and Birkin, M and Birks, D and Ge, J and Heppenstall, A and Manley, E and McCulloch, J and Ternes, P},
month = {Oct},
title = {Agent-Based Modelling for Urban Analytics: State of the Art and Challenges},
year = {2022},
doi = {10.48550/arxiv.2210.06955},
keyword = {4406 Human Geography},
keyword = {44 Human Society},
keyword = {Generic health relevance},
day = {13},
}
",,
162221552,journal-article,Agent-based modelling for Urban Analytics: State of the art and challenges,,2022,09,20,AI Communications,35,4,393-406,10.3233/aic-220114,https://app.dimensions.ai/details/publication/pub.1150807769,0921-7126,,,N Malleson; M Birkin; D Birks; J Ge; A Heppenstall; E Manley; J McCulloch; P Ternes,bibtex,"@article{malleson2022agentbasedchallenges,
author = {Malleson, N and Birkin, M and Birks, D and Ge, J and Heppenstall, A and Manley, E and McCulloch, J and Ternes, P},
journal = {AI Communications},
month = {Sep},
note = {© 2022 – IOS Press. This is an author produced version of a paper published in AI Communications. Uploaded in accordance with the publisher's self-archiving policy.},
number = {4},
pages = {393--406},
publisher = {IOS Press},
title = {Agent-based modelling for Urban Analytics: State of the art and challenges},
url = {https://www.webofscience.com/api/gateway?GWVersion=2\&SrcApp=PARTNER_APP\&SrcAuth=LinksAMR\&KeyUT=WOS:000860281200011\&DestLinkType=FullRecord\&DestApp=ALL_WOS\&UsrCustomerID=378ec14fd3cd2d2d756f42f58f326e84},
volume = {35},
year = {2022},
doi = {10.3233/aic-220114},
issn = {0921-7126},
eissn = {1875-8452},
keyword = {Multi-Agent Systems (MAS) research},
keyword = {Agent-Based Modelling (ABM)},
keyword = {Urban Analytics},
day = {20},
publicationstatus = {published},
}
","Agent-based modelling (ABM) is a facet of wider Multi-Agent Systems (MAS) research that explores the collective behaviour of individual ‘agents’, and the implications that their behaviour and interactions have for wider systemic behaviour. The method has been shown to hold considerable value in exploring and understanding human societies, but is still largely confined to use in academia. This is particularly evident in the field of Urban Analytics; one that is characterised by the use of new forms of data in combination with computational approaches to gain insight into urban processes. In Urban Analytics, ABM is gaining popularity as a valuable method for understanding the low-level interactions that ultimately drive cities, but as yet is rarely used by stakeholders (planners, governments, etc.) to address real policy problems. This paper presents the state-of-the-art in the application of ABM at the interface of MAS and Urban Analytics by a group of ABM researchers who are affiliated with the Urban Analytics programme of the Alan Turing Institute in London (UK). It addresses issues around modelling behaviour, the use of new forms of data, the calibration of models under high uncertainty, real-time modelling, the use of AI techniques, large-scale models, and the implications for modelling policy. The discussion also contextualises current research in wider debates around Data Science, Artificial Intelligence, and MAS more broadly.",crossref
162221548,conference-paper,Causal inference-informed re-analyses of factors associated with dropout from weight-loss programmes for adults,,2022,08,,Journal of Epidemiology and Community Health,,,A4.1-A4,10.1136/jech-2022-ssmabstracts.7,https://app.dimensions.ai/details/publication/pub.1150535370,0143-005X,,,R Ali; A Prestwich; J Ge; G D Tomova; C Griffiths; M S Gilthorpe,bibtex,"@inproceedings{ali2022causaladults,
author = {Ali, R and Prestwich, A and Ge, J and Tomova, GD and Griffiths, C and Gilthorpe, MS},
booktitle = {Journal of Epidemiology and Community Health},
month = {Aug},
number = {Suppl 1},
organization = {Exeter, UK},
pages = {A4},
publisher = {BMJ},
title = {Causal inference-informed re-analyses of factors associated with dropout from weight-loss programmes for adults},
volume = {76},
year = {2022},
doi = {10.1136/jech-2022-ssmabstracts.7},
startyear = {2022},
startmonth = {Sep},
startday = {7},
finishyear = {2022},
finishmonth = {Sep},
finishday = {7},
issn = {0143-005X},
eissn = {1470-2738},
conference = {Society for Social Medicine Annual Scientific Meeting},
publicationstatus = {published},
}
",,
162221514,software,An agent-based simulation model of pedestrian evacuation based on Bayesian Nash Equilibrium (version 1.0.0),,2022,07,06,,,,,10.25937/75wf-aa82,,,,,Y Wang; J Ge; A Comber,bibtex,"@misc{wang2022an100,
author = {Wang, Y and Ge, J and Comber, A},
month = {Jul},
publisher = {CoMSES},
title = {An agent-based simulation model of pedestrian evacuation based on Bayesian Nash Equilibrium (version 1.0.0)},
year = {2022},
doi = {10.25937/75wf-aa82},
day = {6},
publicationstatus = {published},
}
",,
162221509,journal-article,An evacuation simulation model of pedestrian flow using Bayesian Nash equilibrium and a Multi-Agent System,,2022,06,11,AGILE: GIScience Series,3,,1-5,10.5194/agile-giss-3-68-2022,https://app.dimensions.ai/details/publication/pub.1148607814,2700-8150,,,Y Wang; J Ge; A Comber,bibtex,"@article{wang2022ansystem,
author = {Wang, Y and Ge, J and Comber, A},
journal = {AGILE: GIScience Series},
month = {Jun},
note = {© Author(s) 2022. This work is distributed under the Creative Commons Attribution 4.0 License.},
number = {68},
publisher = {Copernicus GmbH},
title = {An evacuation simulation model of pedestrian flow using Bayesian Nash equilibrium and a Multi-Agent System},
url = {https://agile-giss.copernicus.org/articles/3/68/2022/},
volume = {3},
year = {2022},
doi = {10.5194/agile-giss-3-68-2022},
issn = {2700-8150},
eissn = {2700-8150},
keyword = {Pedestrian Behaviours},
keyword = {Agent Based Modelling},
keyword = {Bayesian Nash Equilibrium},
keyword = {Multi-Agent System},
day = {11},
publicationstatus = {published},
}
","Abstract. The shortage of experimental data for individual behaviours has hampered systematic research on pedestrian behaviours and the refined development of evidence informed rules for pedestrian movement in simulation models. This research proposes an evacuation simulation model of pedestrian flow based on Bayesian Nash Equilibrium (BNE) and Multi-Agent System (MAS). In this paper, BNE was used to augment the logics of pedestrian decision-making processes in an evacuation MAS simulation and to improve evacuating agents’ movement and behaviours. A detailed introduction of the construction process and implementation details for the initial model as well as the visualization of experiment results are provided in this paper. Limitations and several potential future research directions are also identified.",crossref
162221507,conference-paper,A simulation model of pedestrian flow based on Bayesian Nash Equilibrium and a Multi-Agent System,,2022,04,04,,,,,10.5281/zenodo.6411582,,,,,Y Wang; J Ge; A Comber,bibtex,"@inproceedings{wang2022asystem,
author = {Wang, Y and Ge, J and Comber, A},
booktitle = {},
month = {Apr},
organization = {Liverpool, United Kingdom},
series = {Geographical Information Science Research UK (GISRUK)},
title = {A simulation model of pedestrian flow based on Bayesian Nash Equilibrium and a Multi-Agent System},
year = {2022},
startyear = {2022},
startmonth = {Apr},
startday = {5},
finishyear = {2022},
finishmonth = {Apr},
finishday = {5},
conference = {30th Annual Geographical Information Science Research UK (GISRUK)},
day = {4},
publicationstatus = {published},
}
",,
162221555,journal-article,Calibrating Agent-Based Models Using Uncertainty Quantification Methods,,2022,03,31,Journal of Artificial Societies and Social Simulation,25,2,,10.18564/jasss.4791,https://app.dimensions.ai/details/publication/pub.1146820017,1460-7425,,,J McCulloch; J Ge; J A Ward; A Heppenstall; J G Polhill; N Malleson,bibtex,"@article{mcculloch2022calibratingmethods,
author = {McCulloch, J and Ge, J and Ward, JA and Heppenstall, A and Polhill, JG and Malleson, N},
journal = {Journal of Artificial Societies and Social Simulation},
month = {Mar},
note = {This is protected by copyright. All rights reserved. This is an open access article under the terms of the Creative Commons Attribution 4.0 International (CC BY 4.0)},
number = {2},
publisher = {SimSoc Consortium},
title = {Calibrating Agent-Based Models Using Uncertainty Quantification Methods},
volume = {25},
year = {2022},
doi = {10.18564/jasss.4791},
issn = {1460-7425},
eissn = {1460-7425},
keyword = {Calibration},
keyword = {Optimisation},
keyword = {History Matching},
keyword = {Proximate Bayesian Computation},
keyword = {Uncertainty},
keyword = {Agent-Based Modelling},
day = {31},
publicationstatus = {published},
}
",,
162221553,journal-article,Social Influence and Meat-Eating Behaviour,,2022,,,Sustainability,14,13,7935,10.3390/su14137935,https://app.dimensions.ai/details/publication/pub.1149086308,2071-1050,,,J Ge; A Scalco; T Craig,bibtex,"@article{ge2022socialbehaviour,
author = {Ge, J and Scalco, A and Craig, T},
journal = {Sustainability},
number = {13},
pages = {7935--7935},
publisher = {MDPI},
title = {Social Influence and Meat-Eating Behaviour},
url = {http://dx.doi.org/10.3390/su14137935},
volume = {14},
year = {2022},
doi = {10.3390/su14137935},
issn = {2071-1050},
eissn = {2071-1050},
keyword = {2.3 Psychological},
keyword = {30 Agricultural},
keyword = {3003 Animal Production},
keyword = {38 Economics},
keyword = {social and economic factors},
keyword = {Veterinary and Food Sciences},
publicationstatus = {published},
}
","In recent years, interest in non-meat diets has been growing at an exponential rate in many countries. There is a wide consensus now that increased meat consumption is linked to higher health risks and environmental impact. Yet humans are social animals. Even the very personal decision of whether to eat meat or not is influenced by others around them. Using data from the British Social Attitude Survey, we develop an agent-based model to study the effect of social influence on the spread of meat-eating behaviour in the British population. We find that social influence is crucial in determining the spread of different meat-eating behaviours. According to the model, in order to bring about large-scale changes in meat-eating behaviours at the national level, people need to (1) have a strong openness to influences from others who have different meat-eating behaviour and (2) have a weak tendency to reinforce their current meat-eating behaviour after observing others in their own social group sharing the same behaviour.",crossref
115327252,journal-article,Social Influence and Meat-Eating Behaviour,,2022,06,,Sustainability,14,13,7935,10.3390/su14137935,https://www.mdpi.com/2071-1050/14/13/7935,,,,Jiaqi Ge; Andrea Scalco; Tony Craig,,,"In recent years, interest in non-meat diets has been growing at an exponential rate in many countries. There is a wide consensus now that increased meat consumption is linked to higher health risks and environmental impact. Yet humans are social animals. Even the very personal decision of whether to eat meat or not is influenced by others around them. Using data from the British Social Attitude Survey, we develop an agent-based model to study the effect of social influence on the spread of meat-eating behaviour in the British population. We find that social influence is crucial in determining the spread of different meat-eating behaviours. According to the model, in order to bring about large-scale changes in meat-eating behaviours at the national level, people need to (1) have a strong openness to influences from others who have different meat-eating behaviour and (2) have a weak tendency to reinforce their current meat-eating behaviour after observing others in their own social group sharing the same behaviour.",crossref
162221557,conference-paper,Simulating Urban Transition in Major Socio-Economic Shocks,,2021,12,12,Proceedings - Winter Simulation Conference,,,1-10,10.1109/wsc52266.2021.9715510,https://app.dimensions.ai/details/publication/pub.1145789627,0891-7736,,,Jiaqi Ge; Bernardo Alves Furtado,bibtex,"@inproceedings{ge2021simulatingshocks,
author = {Ge, J and Furtado, BA},
booktitle = {2021 Winter Simulation Conference (WSC)},
month = {Dec},
organization = {Phoenix, AZ, USA and Virtual},
publisher = {IEEE},
title = {Simulating Urban Transition in Major Socio-Economic Shocks},
year = {2021},
doi = {10.1109/wsc52266.2021.9715510},
startyear = {2021},
startmonth = {Dec},
startday = {13},
finishyear = {2021},
finishmonth = {Dec},
finishday = {17},
isbn = {978-1-6654-3312-9},
issn = {0891-7736},
eissn = {1558-4305},
conference = {2021 Winter Simulation Conference (WSC)},
day = {12},
publicationstatus = {published},
}
",,
162221501,journal-article,Simulation model of pedestrian flow based on multi-agent system and Bayesian Nash equilibrium,,2021,06,04,AGILE: GIScience Series,2,,1-7,10.5194/agile-giss-2-42-2021,https://app.dimensions.ai/details/publication/pub.1138631644,2700-8150,,,Y Wang; J Ge; A Comber,bibtex,"@article{wang2021simulationequilibrium,
author = {Wang, Y and Ge, J and Comber, A},
journal = {AGILE: GIScience Series},
month = {Jun},
note = {© Author(s) 2021. This work is distributed under
the Creative Commons Attribution 4.0 License.},
number = {42},
publisher = {Copernicus GmbH},
title = {Simulation model of pedestrian flow based on multi-agent system and Bayesian Nash equilibrium},
url = {https://agile-giss.copernicus.org/articles/2/42/2021/},
volume = {2},
year = {2021},
doi = {10.5194/agile-giss-2-42-2021},
eissn = {2700-8150},
keyword = {Pedestrian Flow},
keyword = {Multi-Agent Modeling and Simulation},
keyword = {Bayesian Nash Equilibrium},
keyword = {Emergency Evacuation},
day = {4},
publicationstatus = {published},
}
","Abstract. Computer-based simulation is a means of exploring complex systems and has become the mainstream method of pedestrian research. In this research, a multi-agent simulation model of pedestrian flow will be established using a multi-agent system (MAS) and Bayesian Nash equilibrium. MAS is used to simulate the crowd movement and the interaction between pedestrians, and Bayesian Nash equilibrium is adopted to analyze the decision-making process of pedestrians. In contrast to previous pedestrian flow simulation modeling methods, this study adopts multi-agent modeling to realize the complete heterogeneity of pedestrians, so as to achieve more accurate simulation and make the research conclusions closer to reality. To be specific, we attempt to determine the cell side length and simulation time step of an initial model parameterized using a dataset of actual pedestrian movements. It allows more than one pedestrian to be in the same cell and stipulates that the utility of pedestrians decreases with the growing number of pedestrians in the cell. The Bayesian Nash equilibrium is applied to analyze the decision-making process of pedestrians and collision avoidance rules and interaction rules of agents are also formulated. A number of areas of further research are discussed.",crossref
162221570,journal-article,Food and nutrition security under global trade: a relation-driven agent-based global trade model,,2021,01,13,Royal Society Open Science,8,1,201587,10.1098/rsos.201587,https://app.dimensions.ai/details/publication/pub.1134521669,2054-5703,,,J Ge; J G Polhill; J I Macdiarmid; N Fitton; P Smith; H Clark; T Dawson; M Aphale,bibtex,"@article{ge2021foodmodel,
author = {Ge, J and Polhill, JG and Macdiarmid, JI and Fitton, N and Smith, P and Clark, H and Dawson, T and Aphale, M},
howpublished = {Electronic-eCollection},
journal = {Royal Society Open Science},
month = {Jan},
note = {© 2021 The Authors. Published by the Royal Society under the terms of the Creative Commons Attribution License http://creativecommons.org/licenses/by/4.0/, which permits unrestricted use, provided the original author and source are credited.},
number = {1},
organization = {England},
publisher = {The Royal Society},
title = {Food and nutrition security under global trade: a relation-driven agent-based global trade model},
url = {https://royalsocietypublishing.org/doi/10.1098/rsos.201587#d1e3571},
volume = {8},
year = {2021},
doi = {10.1098/rsos.201587},
issn = {2054-5703},
eissn = {2054-5703},
keyword = {global trade},
keyword = {relation-driven trade},
keyword = {food security},
keyword = {micronutrients},
keyword = {agent-based model},
day = {13},
publicationstatus = {published},
}
","This paper addresses the highly relevant and timely issues of global trade and food security by developing an empirically grounded, relation-driven agent-based global trade model. Contrary to most price-driven trade models in the literature, the relation-driven agent-based global trade model focuses on the role of relational factors such as trust, familiarity, trade history and conflicts in countries' trade behaviour. Moreover, the global trade model is linked to a comprehensive nutrition formula to investigate the impact of trade on food and nutrition security, including macro and micronutrients. Preliminary results show that global trade improves the food and nutrition security of countries in Africa, Asia and Latin America. Trade also promotes a healthier and more balanced diet, as countries have access to an increased variety of food. The effect of trade in enhancing nutrition security, with an adequate supply of macro and micronutrients, is universal across nutrients and countries. As researchers call for a holistic and multifactorial approach to food security and climate change (Hammond and Dubé 2012 Proc. Natl Acad. Sci. USA 109 , 12 356–12 363. ( doi:10.1073/pnas.0913003109 )), the paper is one of the first to develop an integrated framework that consists of socio-economic, geopolitical, nutrition, environmental and agri-food systems to tackle these global challenges. Given the ongoing events of Brexit, the US–China trade war and the global COVID-19 pandemic, the paper will provide valuable insights on the role of trade in improving the food and nutrition security across countries.",crossref
162221572,journal-article,Future Developments in Geographical Agent‐Based Models: Challenges and Opportunities,,2021,01,,Geographical Analysis,53,1,76-91,10.1111/gean.12267,https://app.dimensions.ai/details/publication/pub.1133088134,0016-7363,,,A Heppenstall; A Crooks; N Malleson; E Manley; J Ge; M Batty,bibtex,"@article{heppenstall2021futureopportunities,
author = {Heppenstall, A and Crooks, A and Malleson, N and Manley, E and Ge, J and Batty, M},
journal = {Geographical Analysis},
month = {Jan},
note = {© 2020 The Authors. Geographical Analysis published by Wiley Periodicals LLC on behalf of The Ohio State University. This is an open access article under the terms of the Creative Commons Attribution 4.0 International (CC BY 4.0) (https://creativecommons.org/licenses/by/4.0/).},
number = {1},
pages = {76--91},
publisher = {Wiley},
title = {Future Developments in Geographical Agent‐Based Models: Challenges and Opportunities},
volume = {53},
year = {2021},
doi = {10.1111/gean.12267},
issn = {0016-7363},
eissn = {1538-4632},
publicationstatus = {published},
}
","Despite reaching a point of acceptance as a research tool across the geographical and social sciences, there remain significant methodological challenges for agent‐based models. These include recognizing and simulating emergent phenomena, agent representation, construction of behavioral rules, and calibration and validation. While advances in individual‐level data and computing power have opened up new research avenues, they have also brought with them a new set of challenges. This article reviews some of the challenges that the field has faced, the opportunities available to advance the state‐of‐the‐art, and the outlook for the field over the next decade. We argue that although agent‐based models continue to have enormous promise as a means of developing dynamic spatial simulations, the field needs to fully embrace the potential offered by approaches from machine learning to allow us to fully broaden and deepen our understanding of geographical systems.",crossref
77750731,journal-article,Modelling food security: Bridging the gap between the micro and the macro scale,,2020,07,,Global Environmental Change,63,,102085,10.1016/j.gloenvcha.2020.102085,http://dx.doi.org/10.1016/j.gloenvcha.2020.102085,0959-3780,,,"['Birgit Müller', 'Falk Hoffmann', 'Thomas Heckelei', 'Christoph Müller', 'Thomas W. Hertel', 'J. Gareth Polhill', 'Mark van Wijk', 'Thom Achterbosch', 'Peter Alexander', 'Calum Brown', 'David Kreuer', 'Frank Ewert', 'Jiaqi Ge', 'James D.A. Millington', 'Ralf Seppelt', 'Peter H. Verburg', 'Heidi Webber']",,,,
162221575,journal-article,Modelling food security: Bridging the gap between the micro and the macro scale,,2020,07,,Global Environmental Change,63,,102085,10.1016/j.gloenvcha.2020.102085,https://app.dimensions.ai/details/publication/pub.1127550732,0959-3780,,,Birgit Müller; Falk Hoffmann; Thomas Heckelei; Christoph Müller; Thomas W Hertel; J Gareth Polhill; Mark van Wijk; Thom Achterbosch; Peter Alexander; Calum Brown; David Kreuer; Frank Ewert; Jiaqi Ge; James D A Millington; Ralf Seppelt; Peter H Verburg; Heidi Webber,bibtex,"@article{mller2020modellingscale,
author = {Müller, B and Hoffmann, F and Heckelei, T and Müller, C and Hertel, TW and Polhill, JG and van Wijk, M and Achterbosch, T and Alexander, P and Brown, C and Kreuer, D and Ewert, F and Ge, J and Millington, JDA and Seppelt, R and Verburg, PH and Webber, H},
journal = {Global Environmental Change},
month = {Jul},
number = {102085},
pages = {102085--102085},
publisher = {Elsevier BV},
title = {Modelling food security: Bridging the gap between the micro and the macro scale},
volume = {63},
year = {2020},
doi = {10.1016/j.gloenvcha.2020.102085},
issn = {0959-3780},
language = {en},
publicationstatus = {published},
}
",,
162700130,book-chapter,Agent-based Models of Coupled Social and Natural Systems,,2020,03,12,Modelling Nature-based Solutions,,,56-81,10.1017/9781108553827.003,https://app.dimensions.ai/details/publication/pub.1125650915,,,9781108428934,Jiaqi Ge; Gary Polhill,bibtex,"@incollection{ge2020agentbasedsystems,
author = {Ge, J and Polhill, G},
booktitle = {Modelling Nature-based Solutions},
month = {Mar},
pages = {56--81},
publisher = {Cambridge University Press (CUP)},
title = {Agent-based Models of Coupled Social and Natural Systems},
year = {2020},
doi = {10.1017/9781108553827.003},
day = {12},
publicationstatus = {published},
}
",,
77750653,journal-article,"The ODD Protocol for Describing Agent-Based and Other Simulation Models: A Second Update to Improve Clarity, Replication, and Structural Realism",,2020,,,Journal of Artificial Societies and Social Simulation,23,2,,10.18564/jasss.4259,http://dx.doi.org/10.18564/jasss.4259,1460-7425,,,"['Volker Grimm', 'Steven F. Railsback', 'Christian E. Vincenot', 'Uta Berger', 'Cara Gallagher', 'Donald L. DeAngelis', 'Bruce Edmonds', 'Jiaqi Ge', 'Jarl Giske', 'Jürgen Groeneveld', 'Alice S.A. Johnston', 'Alexander Milles', 'Jacob Nabe-Nielsen', 'J. Gareth Polhill', 'Viktoriia Radchuk', 'Marie-Sophie Rohwäder', 'Richard A. Stillman', 'Jan C. Thiele', 'Daniel Ayllón']",,,,
162221579,journal-article,"The ODD Protocol for Describing Agent-Based and Other Simulation Models: A Second Update to Improve Clarity, Replication, and Structural Realism",,2020,,,Journal of Artificial Societies and Social Simulation,23,2,,10.18564/jasss.4259,https://app.dimensions.ai/details/publication/pub.1126072993,1460-7425,,,Volker Grimm; Steven F Railsback; Christian E Vincenot; Uta Berger; Cara Gallagher; Donald L DeAngelis; Bruce Edmonds; Jiaqi Ge; Jarl Giske; Jürgen Groeneveld; Alice S A Johnston; Alexander Milles; Jacob Nabe-Nielsen; J Gareth Polhill; Viktoriia Radchuk; Marie-Sophie Rohwäder; Richard A Stillman; Jan C Thiele; Daniel Ayllón,bibtex,"@article{grimmtherealism,
author = {Grimm, V and Railsback, SF and Vincenot, CE and Berger, U and Gallagher, C and DeAngelis, DL and Edmonds, B and Ge, J and Giske, J and Groeneveld, J and Johnston, ASA and Milles, A and Nabe-Nielsen, J and Polhill, JG and Radchuk, V and Rohwäder, M-S and Stillman, RA and Thiele, JC and Ayllón, D},
journal = {Journal of Artificial Societies and Social Simulation},
number = {2},
publisher = {Journal of Artificial Societies and Social Simulation},
title = {The ODD Protocol for Describing Agent-Based and Other Simulation Models: A Second Update to Improve Clarity, Replication, and Structural Realism},
volume = {23},
year = {2020},
doi = {10.18564/jasss.4259},
eissn = {1460-7425},
language = {en},
publicationstatus = {published},
}
",,
77752937,journal-article,Crossing the chasm: a ‘tube-map’ for agent-based social simulation of policy scenarios in spatially-distributed systems,,2019,04,,GeoInformatica,23,2,169-199,10.1007/s10707-018-00340-z,http://dx.doi.org/10.1007/s10707-018-00340-z,1384-6175,,,"['J. Gareth Polhill', 'Jiaqi Ge', 'Matthew P. Hare', 'Keith B. Matthews', 'Alessandro Gimona', 'Douglas Salt', 'Jagadeesh Yeluripati']",,,,
162221605,journal-article,Crossing the chasm: a 'tube-map' for agent-based social simulation of policy scenarios in spatially-distributed systems,,2019,04,,Geoinformatica,23,2,169-199,10.1007/s10707-018-00340-z,https://app.dimensions.ai/details/publication/pub.1111249134,1384-6175,,,J G Polhill; J Ge; M P Hare; K B Matthews; A Gimona; D Salt; J Yeluripati,bibtex,"@article{polhill2019crossingsystems,
author = {Polhill, JG and Ge, J and Hare, MP and Matthews, KB and Gimona, A and Salt, D and Yeluripati, J},
journal = {GeoInformatica},
month = {Apr},
note = {© The Author(s) 2019. This article is distributed under the terms of the Creative Commons Attribution 4.0 International License (http://creativecommons.org/licenses/by/4.0/), which permits unrestricted use, distribution, and reproduction in any medium, provided you give appropriate credit to the original author(s) and the source, provide a link to the Creative Commons license, and indicate if changes were made.},
number = {2},
pages = {169--199},
publisher = {Springer},
title = {Crossing the chasm: a 'tube-map' for agent-based social simulation of policy scenarios in spatially-distributed systems},
volume = {23},
year = {2019},
doi = {10.1007/s10707-018-00340-z},
issn = {1384-6175},
eissn = {1573-7624},
keyword = {Agent-based modelling},
keyword = {Policy analysis},
keyword = {Innovation diffusion},
keyword = {Chasm},
publicationstatus = {published},
}
",,
77752657,journal-article,Simulating the Actions of Commuters Using a Multi-Agent System,,2019,,,Journal of Artificial Societies and Social Simulation,22,2,,10.18564/jasss.4007,http://dx.doi.org/10.18564/jasss.4007,1460-7425,,,"['Neil Urquhart', 'Simon Powers', 'Zoe Wall', 'Achille Fonzone', 'Jiaqi Ge', 'J. Gary Polhill']",,,,
162221588,journal-article,Simulating the actions of commuters using a multi-agent system,,2019,03,31,Journal of Artificial Societies and Social Simulation,22,2,,10.18564/jasss.4007,https://app.dimensions.ai/details/publication/pub.1113191720,1460-7425,,,J Ge,bibtex,"@article{ge2019simulatingsystem,
author = {Ge, J},
journal = {Journal of Artificial Societies and Social Simulation},
month = {Mar},
number = {2},
publisher = {SimSoc Consortium},
title = {Simulating the actions of commuters using a multi-agent system},
volume = {22},
year = {2019},
doi = {10.18564/jasss.4007},
issn = {1460-7425},
eissn = {1460-7425},
keyword = {Transport Mode Choice},
keyword = {Transport Network},
keyword = {BDI Agent},
day = {31},
publicationstatus = {published},
}
",,
162221608,journal-article,Not one Brexit: How local context and social processes influence policy analysis.,,2018,12,17,PLoS ONE,13,12,e0208451,10.1371/journal.pone.0208451,https://app.dimensions.ai/details/publication/pub.1110707577,1932-6203,,,Jiaqi Ge; J Gareth Polhill; Keith B Matthews; David G Miller; Michael Spencer,bibtex,"@article{ge2018notanalysis,
author = {Ge, J and Polhill, JG and Matthews, KB and Miller, DG and Spencer, M},
howpublished = {Electronic-eCollection},
journal = {PloS one},
month = {Dec},
number = {12},
publisher = {Public Library of Science},
title = {Not one Brexit: How local context and social processes influence policy analysis.},
volume = {13},
year = {2018},
doi = {10.1371/journal.pone.0208451},
eissn = {1932-6203},
language = {eng},
day = {17},
publicationstatus = {published},
}
","This paper develops an empirical agent-based model to assess the impacts of Brexit on Scottish cattle farms. We first identify several trends and processes among Scottish cattle farms that were ongoing before Brexit: the lack of succession, the rise of leisure farming, the trend to diversify and industrialise, and, finally, the phenomenon of the “disappearing middle”, characterised by the decline of medium-sized farms and the polarization of farm sizes. We then study the potential impact of Brexit amid the local context and those ongoing social processes. We find that the impact of Brexit is indeed subject to pre-Brexit conditions. For example, whether industrialization is present locally can significantly alter the impact of Brexit. The impact of Brexit also varies by location: we find a clear divide between constituencies in the north (highland and islands), the middle (the central belt) and the south. Finally, we argue that policy analysis of Brexit should consider the heterogeneous social context and the complex social processes under which Brexit occurs. Rather than fitting the world into simple system models and ignoring the evidence when it does not fit, we need to develop policy analysis frameworks that can incorporate real world complexities, so that we can assess the impacts of major events and policy changes in a more meaningful way.",crossref
162221599,journal-article,Do renters skimp on energy efficiency during economic recessions? Evidence from Northeast Scotland,,2018,12,15,Energy,165,,164-175,10.1016/j.energy.2018.09.078,https://app.dimensions.ai/details/publication/pub.1106997201,1873-6785,,,N Liu; Y Zhao; J Ge,bibtex,"@article{liu2018doscotland,
author = {Liu, N and Zhao, Y and Ge, J},
journal = {Energy},
month = {Dec},
number = {Part A},
pages = {164--175},
publisher = {Elsevier},
title = {Do renters skimp on energy efficiency during economic recessions? Evidence from Northeast Scotland},
volume = {165},
year = {2018},
doi = {10.1016/j.energy.2018.09.078},
issn = {1873-6785},
keyword = {Energy efficiency},
keyword = {Split-incentives},
keyword = {Private rented housing sector},
keyword = {Rent premium},
keyword = {Tenants willingness to pay},
keyword = {Economic recess},
day = {15},
publicationstatus = {published},
}
",,
162221610,journal-article,"From oil wealth to green growth - An empirical agent-based model of recession, migration and sustainable urban transition",,2018,09,,Environmental Modelling & Software,107,,119-140,10.1016/j.envsoft.2018.05.017,https://app.dimensions.ai/details/publication/pub.1104496460,1364-8152,,,Jiaqi Ge; J Gareth Polhill; Tony Craig; Nan Liu,bibtex,"@article{ge2018fromtransition,
author = {Ge, J and Polhill, JG and Craig, T and Liu, N},
journal = {Environmental Modelling \& Software},
month = {Sep},
note = {publisher: Elsevier
articletitle: From oil wealth to green growth - An empirical agent-based model of recession, migration and sustainable urban transition
journaltitle: Environmental Modelling \& Software
articlelink: https://doi.org/10.1016/j.envsoft.2018.05.017
content_type: article
copyright: © 2018 Elsevier Ltd. All rights reserved.},
pages = {119--140},
publisher = {Elsevier},
title = {From oil wealth to green growth - An empirical agent-based model of recession, migration and sustainable urban transition},
volume = {107},
year = {2018},
doi = {10.1016/j.envsoft.2018.05.017},
issn = {1364-8152},
eissn = {1873-6726},
keyword = {Spatial agent-based model; Recession; Migration; Urban transition; Oil crises; Sustainability},
publicationstatus = {published},
}
",,
162221597,journal-article,Too much of a good thing? Using a spatial agent-based model to evaluate “unconventional” workplace sharing programmes,,2018,05,,Journal of Transport Geography,69,,83-97,10.1016/j.jtrangeo.2018.04.005,https://app.dimensions.ai/details/publication/pub.1103629487,0966-6923,,,Jiaqi Ge; J Gareth Polhill; Tony P Craig,bibtex,"@article{ge2018tooprogrammes,
author = {Ge, J and Polhill, JG and Craig, TP},
journal = {Journal of Transport Geography},
month = {May},
note = {publisher: Elsevier
articletitle: Too much of a good thing? Using a spatial agent-based model to evaluate “unconventional” workplace sharing programmes
journaltitle: Journal of Transport Geography
articlelink: http://dx.doi.org/10.1016/j.jtrangeo.2018.04.005
content_type: article
copyright: © 2018 Elsevier Ltd. All rights reserved.},
pages = {83--97},
publisher = {Elsevier},
title = {Too much of a good thing? Using a spatial agent-based model to evaluate “unconventional” workplace sharing programmes},
volume = {69},
year = {2018},
doi = {10.1016/j.jtrangeo.2018.04.005},
issn = {0966-6923},
keyword = {Workplace sharing; Agent-based modelling; Commute time; CO2 emissions; Travel demand management},
publicationstatus = {published},
}
",,
162221586,journal-article,Does Work-life Balance Affect Pro-environmental Behaviour? Evidence for the UK Using Longitudinal Microdata,,2018,03,,Ecological Economics,145,,170-181,10.1016/j.ecolecon.2017.09.006,https://app.dimensions.ai/details/publication/pub.1091884498,0921-8009,,,Patricia C Melo; Jiaqi Ge; Tony Craig; Mark J Brewer; Ines Thronicker,bibtex,"@article{melo2018doesmicrodata,
author = {Melo, PC and Ge, J and Craig, T and Brewer, MJ and Thronicker, I},
journal = {Ecological Economics},
month = {Mar},
note = {publisher: Elsevier
articletitle: Does Work-life Balance Affect Pro-environmental Behaviour? Evidence for the UK Using Longitudinal Microdata
journaltitle: Ecological Economics
articlelink: http://dx.doi.org/10.1016/j.ecolecon.2017.09.006
content_type: article
copyright: © 2017 Elsevier B.V. All rights reserved.},
pages = {170--181},
publisher = {Elsevier},
title = {Does Work-life Balance Affect Pro-environmental Behaviour? Evidence for the UK Using Longitudinal Microdata},
volume = {145},
year = {2018},
doi = {10.1016/j.ecolecon.2017.09.006},
issn = {0921-8009},
keyword = {Pro-environmental behaviour; Work-life balance; Environmental attitudes; Longitudinal microdata},
publicationstatus = {published},
}
",,
48422967,journal-article,Do renters skimp on energy efficiency during economic recessions? Evidence from Northeast Scotland,,2018,,,Energy,,,,,,,,,,,,,
48423170,journal-article,"From oil wealth to green growth-An empirical agent-based model of recession, migration and sustainable urban transition.",,2018,,,Environmental Modelling & Software,,,,,,,,,,,,,
43725322,journal-article,Too much of a good thing? Using a spatial agent-based model to evaluate “unconventional” workplace sharing programmes. ,,2018,,,Journal of Transport Geography ,,,,,,,,,,,,,
162221594,journal-article,Exploring factors affecting on-farm renewable energy adoption in Scotland using large-scale microdata,,2017,08,,Energy Policy,107,,548-560,10.1016/j.enpol.2017.05.025,https://app.dimensions.ai/details/publication/pub.1085436945,0301-4215,,,Jiaqi Ge; Lee-Ann Sutherland; J Gary Polhill; Keith Matthews; Dave Miller; Douglas Wardell-Johnson,bibtex,"@article{ge2017exploringmicrodata,
author = {Ge, J and Sutherland, L-A and Polhill, JG and Matthews, K and Miller, D and Wardell-Johnson, D},
journal = {Energy Policy},
month = {Aug},
note = {publisher: Elsevier
articletitle: Exploring factors affecting on-farm renewable energy adoption in Scotland using large-scale microdata
journaltitle: Energy Policy
articlelink: https://doi.org/10.1016/j.enpol.2017.05.025
content_type: article
copyright: © 2017 Elsevier Ltd. All rights reserved.},
pages = {548--560},
publisher = {Elsevier},
title = {Exploring factors affecting on-farm renewable energy adoption in Scotland using large-scale microdata},
volume = {107},
year = {2017},
doi = {10.1016/j.enpol.2017.05.025},
issn = {0301-4215},
keyword = {Renewable energy; Farm; Wind energy; Solar energy; Biomass energy},
publicationstatus = {published},
}
",,
162221584,conference-paper,"Preliminary Results from an Agent-Based Model of the Daily Commute in Aberdeen and Aberdeenshire, UK",,2017,03,17,Advances in Soft Computing,,,129-142,10.1007/978-3-319-47253-9_11,https://app.dimensions.ai/details/publication/pub.1084715556,1860-0794,,,J Ge; G Polhill,bibtex,"@inproceedings{ge2017preliminaryuk,
author = {Ge, J and Polhill, G},
booktitle = {Advances in Intelligent Systems and Computing},
month = {Mar},
organization = {Groningen, NL},
publisher = {Springer, Cham},
title = {Preliminary Results from an Agent-Based Model of the Daily Commute in Aberdeen and Aberdeenshire, UK},
volume = {528},
year = {2017},
doi = {10.1007/978-3-319-47253-9_11},
startyear = {2015},
startmonth = {Sep},
startday = {14},
finishyear = {2015},
finishmonth = {Sep},
finishday = {14},
isbn = {978-3-319-47252-2},
issn = {1860-0794},
keyword = {Daily commute},
keyword = {Flexible work scheme},
keyword = {Road infrastructure},
conference = {Social Simulation Conference 2015},
day = {17},
publicationstatus = {published},
}
",,
162221582,journal-article,Endogenous rise and collapse of housing price: An agent-based model of the housing market,,2017,03,,"Computers, Environment and Urban Systems",62,,182-198,10.1016/j.compenvurbsys.2016.11.005,https://app.dimensions.ai/details/publication/pub.1044351681,0198-9715,,,Jiaqi Ge,bibtex,"@article{ge2017endogenousmarket,
author = {Ge, J},
journal = {Computers, Environment and Urban Systems},
month = {Mar},
note = {publisher: Elsevier
articletitle: Endogenous rise and collapse of housing price
journaltitle: Computers, Environment and Urban Systems
articlelink: http://dx.doi.org/10.1016/j.compenvurbsys.2016.11.005
content_type: article
copyright: © 2016 Elsevier Ltd. All rights reserved.},
pages = {182--198},
publisher = {Elsevier},
title = {Endogenous rise and collapse of housing price: An agent-based model of the housing market},
volume = {62},
year = {2017},
doi = {10.1016/j.compenvurbsys.2016.11.005},
issn = {0198-9715},
keyword = {Agent-based model; Housing market; Housing bubble; Lenient lending; Speculation},
publicationstatus = {published},
}
",,
41212363,journal-article,"Melo PC, Ge J, Craig T, Brewer MJ, Thronicker I. Does Work-life Balance Affect Pro-environmental Behaviour? Evidence for the UK Using Longitudinal Microdata. Ecological Economics. 2018 Mar 31;145:170-81.",,2017,,,,,,,,,,,,,,,,
162221591,journal-article,Exploring the Combined Effect of Factors Influencing Commuting Patterns and CO2 Emissions in Aberdeen Using an Agent-Based Model,,2016,06,30,Journal of Artificial Societies and Social Simulation,19,3,,10.18564/jasss.3078,https://app.dimensions.ai/details/publication/pub.1068663033,1460-7425,,,Jiaqi Ge; J Gary Polhill,bibtex,"@article{ge2016exploringmodel,
author = {Ge, J and Polhill, JG},
journal = {Journal of Artificial Societies and Social Simulation},
month = {Jun},
number = {3},
publisher = {SimSoc Consortium},
title = {Exploring the Combined Effect of Factors Influencing Commuting Patterns and CO2 Emissions in Aberdeen Using an Agent-Based Model},
volume = {19},
year = {2016},
doi = {10.18564/jasss.3078},
issn = {1460-7425},
eissn = {1460-7425},
keyword = {Agent-Based Model, Commuting, CO2 Emissions, Flexitime, Urban Concentration},
day = {30},
publicationstatus = {published},
}
",,
162221545,conference-paper,Who Creates Housing Bubbles? An Agent-Based Study,,2014,,,Lecture Notes in Computer Science (including subseries Lecture Notes in Artificial Intelligence and Lecture Notes in Bioinformatics),,,143-150,10.1007/978-3-642-54783-6_10,https://app.dimensions.ai/details/publication/pub.1020489124,0302-9743,,,Jiaqi Ge,bibtex,"@inproceedings{ge2014whostudy,
author = {Ge, J},
booktitle = {Lecture Notes in Computer Science},
pages = {143--150},
publisher = {Springer Nature},
series = {Lecture Notes in Computer Science},
title = {Who Creates Housing Bubbles? An Agent-Based Study},
volume = {8235},
year = {2014},
doi = {10.1007/978-3-642-54783-6_10},
issn = {0302-9743},
keyword = {46 Information and Computing Sciences},
publicationstatus = {published},
}
",,
180744889,journal-article,Composite variable bias: causal analysis of weight outcomes,,2025,3,8,International Journal of Obesity,49,6,1043-1050,10.1038/s41366-025-01732-6,,0307-0565,,,R Ali; A Prestwich; J Ge; C Griffiths; R Allmendinger; A Shahgholian; Y Chen; M A Mansournia; M S Gilthorpe,bibtex,"@article{alicompositeoutcomes,
author = {Ali, R and Prestwich, A and Ge, J and Griffiths, C and Allmendinger, R and Shahgholian, A and Chen, Y and Mansournia, MA and Gilthorpe, MS},
journal = {International Journal of Obesity},
month = {Mar},
note = {© The Author(s) 2025. This is an open access article under the terms of the Creative Commons Attribution License (CC-BY 4.0), which permits unrestricted use, distribution and reproduction in any medium, provided the original work is properly cited.},
publisher = {Springer Nature},
title = {Composite variable bias: causal analysis of weight outcomes},
year = {2025},
doi = {10.1038/s41366-025-01732-6},
issn = {0307-0565},
eissn = {1476-5497},
day = {8},
publicationstatus = {online-published},
}
","Abstract Background Researchers often use composite variables (e.g., BMI and change scores). By combining multiple variables (e.g., height and weight or follow-up weight and baseline weight) into a single variable it becomes challenging to untangle the causal roles of each component variable. Composite variable bias—an issue previously identified for exposure variables that may yield misleading causal inferences—is illustrated as a similar concern for composite outcomes. We explain how this occurs for composite weight outcomes: BMI, ‘weight change’, their combination ‘BMI change’, and variations involving relative change. Methods Data from the National Child Development Study (NCDS) cohort surveys ( n = 9223) were analysed to estimate the causal effect of ethnicity, sex, economic status, malaise score, and baseline height/weight at age 23 on weight-related outcomes at age 33. The analyses were informed by a directed acyclic graph (DAG) to demonstrate the extent of composite variable bias for various weight outcomes. Results Estimated causal effects differed across different weight outcomes. The analyses of follow-up BMI, ‘weight change’, ‘BMI change’, or relative change in body size yielded results that could lead to potentially different inferences for an intervention. Conclusions This is the first study to illustrate that causal estimates on composite weight outcomes vary and can lead to potentially misleading inferences. It is recommended that only follow-up weight be analysed while conditioning on baseline weight for meaningful estimates. How conditioning on baseline weight is implemented depends on whether baseline weight precedes or follows the exposure of interest. For the former, conditioning on baseline weight may be achieved by inclusion in the regression model or via a propensity score. For the latter, alternative strategies are necessary to model the joint effects of the exposure and baseline weight—the choice of strategy can be informed by a DAG.",crossref
162221506,other,"D6.1 Analysis of needs and capacity of different audiences including policy makers, expert practitioners and other modellers",,2022,2,25,,,,,10.3897/arphapreprints.e82715,https://app.dimensions.ai/details/publication/pub.1145862861,,,,Milica Trajković; Dajana Vujaklija; Guy Ziv; Arjan Gosal; Jiaqi Ge; Jodi Gunning; Birgit Mueller; Annabelle Williams; Elisabet Nadeu,bibtex,"@misc{trajkovid61modellers,
author = {Trajković, M and Vujaklija, D and Ziv, G and Gosal, A and Ge, J and Gunning, J and Mueller, B and Williams, A and Nadeu, E},
month = {Feb},
publisher = {Pensoft Publishers},
title = {D6.1 Analysis of needs and capacity of different audiences including policy makers, expert practitioners and other modellers},
year = {2022},
doi = {10.3897/arphapreprints.e82715},
keyword = {4407 Policy and Administration},
keyword = {48 Law and Legal Studies},
keyword = {44 Human Society},
day = {25},
publicationstatus = {published},
}
","This document has five main sections: the first one, &amp;ldquo;Developing the needs assessment protocol&amp;rdquo; which explains how we approached to different stakeholders in order to define and analyse their needs and capacities; the second section contains the report of of the interviews conducted by RISE and present the needs of Policy Makers; section three explains the needs of expert practitioners identified during the online workshop (14th and 15th of July 2020);&amp;nbsp; section four presents the needs of biophysical modeling community and section five explains the needs of ABM modellers identified from recent scholarly workshops. The results of this analysis will be taken under consideration and co-design and co-development processes.",crossref
174760988,journal-article,From primary data to formalized decision-making: Open challenges and ways forward to inform representations of farmers' behaviour in agent-based models,,2024,,,Ecology and Society,29,4,,10.5751/ES-15400-290431,https://app.dimensions.ai/details/publication/pub.1183057035,1708-3087,,,G Ziv; J Ge,bibtex,"@article{zivfrommodels,
author = {Ziv, G and Ge, J},
journal = {Ecology and Society},
publisher = {Resilience Alliance},
title = {From primary data to formalized decision-making: Open challenges and ways forward to inform representations of farmers' behaviour in agent-based models},
year = {},
issn = {1708-3087},
eissn = {1708-3087},
publicationstatus = {published},
}
",,
41217447,journal-article,"Ge, J. (2013). Who creates housing bubbles? An agent-based study. International Workshop on Multi-Agent Systems and Agent-Based Simulation",,,,,,,,,,,,,,,,,,
41217242,book-chapter,"Ge, J. (2015). Preliminary results from an agent-based model of the daily commute in Aberdeen and Aberdeenshire, UK Proceedings of The Eleventh Conference of the European Social Simulation Association. ",,,,,,,,,,,,,,,,,,
41217227,journal-article,"Ge, J. (2017). Endogenous rise and collapse of housing price: An agent-based model of the housing market. Computers, Environment and Urban Systems",,,,,,,,,,,,,,,,,,
41217237,book-chapter,"Ge, J., & Polhill, G. (2015). Review on Agent-Based Models of Coupled Social and Natural Systems. In N. Sang & O. Åsa (Eds.), A Review on the State of the Art in Scenario Modelling for Environmental Management: Potential for Application in achieving the Swedish Environmental Objectives: Naturvårdsverket",,,,,,,,,,,,,,,,,,
41217233,journal-article,"Ge, J., & Polhill, G. (2016). Exploring the Combined Impact of Factors Influencing Commuting Patterns and CO2 Emission in Aberdeen Using an Agent-Based Model. Journal of Artificial Societies and Social Simulation",,,,,,,,,,,,,,,,,,
41217047,journal-article,"Ge, J., Sutherland, L.-A., Polhill, J. G., Matthews, K., Miller, D., & Wardell-Johnson, D. (2017). Exploring factors affecting on-farm renewable energy adoption in Scotland using large-scale microdata. Energy Policy",,,,,,,,,,,,,,,,,,
164245988,journal-article,Learning the rational choice perspective: A reinforcement learning approach to simulating offender behaviours in criminological agent-based models,,2024,9,,"Computers, Environment and Urban Systems",112,,102141,10.1016/j.compenvurbsys.2024.102141,https://app.dimensions.ai/details/publication/pub.1173234966,0198-9715,,,S Olmez; D Birks; A Heppenstall; J Ge,bibtex,"@article{olmezlearningmodels,
author = {Olmez, S and Birks, D and Heppenstall, A and Ge, J},
journal = {Computers, Environment and Urban Systems},
month = {Jun},
note = {© 2024 The Authors. This is an open access article under the terms of the Creative Commons Attribution License (CC-BY 4.0), which permits unrestricted use, distribution and reproduction in any medium, provided the original work is properly cited.},
number = {102141},
publisher = {Elsevier},
title = {Learning the rational choice perspective: A reinforcement learning approach to simulating offender behaviours in criminological agent-based models},
volume = {112},
year = {2024},
doi = {10.1016/j.compenvurbsys.2024.102141},
issn = {0198-9715},
eissn = {1873-7587},
keyword = {Agent-based model},
keyword = {Reinforcement learning},
keyword = {Environmental criminology},
keyword = {Rational choice perspective},
keyword = {Decision-making},
day = {27},
publicationstatus = {published},
}
",,
166952570,other,Learning the rational choice perspective: A reinforcement learning approach to simulating offender behaviours in criminological agent-based models,,2024,6,27,CrimRxiv,,,,10.21428/cb6ab371.18137891,https://app.dimensions.ai/details/publication/pub.1173517094,,,,Sedar Olmez; Dan Birks; Alison Heppenstall; Jiaqi Ge,bibtex,"@misc{olmezlearningmodels,
author = {Olmez, S and Birks, D and Heppenstall, A and Ge, J},
month = {Jun},
publisher = {PubPub},
title = {Learning the rational choice perspective: A reinforcement learning approach to simulating offender behaviours in criminological agent-based models},
year = {2024},
doi = {10.21428/cb6ab371.18137891},
keyword = {48 Law and Legal Studies},
keyword = {4805 Legal Systems},
keyword = {4402 Criminology},
keyword = {44 Human Society},
keyword = {Behavioral and Social Science},
keyword = {Basic Behavioral and Social Science},
keyword = {Mental health},
day = {27},
publicationstatus = {online-published},
}
",,
164548515,journal-article,Mitigating housing market shocks: an agent-based reinforcement learning approach with implications for real-time decision support,,2024,7,9,Journal of Simulation,18,6,921-939,10.1080/17477778.2024.2375446,https://app.dimensions.ai/details/publication/pub.1173710793,1747-7778,,,S Olmez; A Heppenstall; J Ge; C Elsenbroich; D Birks,bibtex,"@article{olmezmitigatingsupport,
author = {Olmez, S and Heppenstall, A and Ge, J and Elsenbroich, C and Birks, D},
journal = {Journal of Simulation},
month = {Jul},
note = {© 2024 The Author(s). This is an open access article under the terms of the Creative Commons Attribution License (CC-BY 4.0), which permits unrestricted use, distribution and reproduction in any medium, provided the original work is properly cited.},
publisher = {Taylor and Francis},
title = {Mitigating housing market shocks: an agent-based reinforcement learning approach with implications for real-time decision support},
year = {2024},
doi = {10.1080/17477778.2024.2375446},
issn = {1747-7778},
eissn = {1747-7786},
keyword = {UK housing market},
keyword = {agent-based model},
keyword = {reinforcement learning},
keyword = {crisis management},
keyword = {decision-making},
day = {9},
publicationstatus = {published},
}
",,
180269853,journal-article,"Modelling emergent pedestrian evacuation behaviors from intelligent, game-playing agents",,2025,3,9,Journal of Computational Social Science,8,2,,10.1007/s42001-025-00369-9,https://app.dimensions.ai/details/publication/pub.1186347556,2432-2717,,,Y Wang; J Ge; A Comber,bibtex,"@article{wangmodellingagents,
author = {Wang, Y and Ge, J and Comber, A},
journal = {Journal of Computational Social Science},
month = {Mar},
note = {© The Author(s) 2025. This is an open access article under the terms of the Creative Commons Attribution License (CC-BY 4.0), which permits unrestricted use, distribution and reproduction in any medium, provided the original work is properly cited.},
number = {49},
publisher = {Springer},
title = {Modelling emergent pedestrian evacuation behaviors from intelligent, game-playing agents},
volume = {8},
year = {2025},
doi = {10.1007/s42001-025-00369-9},
issn = {2432-2717},
eissn = {2432-2725},
keyword = {Agent-based model},
keyword = {Bayesian Nash Equilibrium},
keyword = {Bayesian game theory},
keyword = {evacuation simulation},
keyword = {crowd
simulation},
keyword = {pedestrian behaviors},
day = {9},
publicationstatus = {published},
}
","Abstract Much work has been done to understand complex crowd dynamics and self-organizing behaviors in high-density crowd situations. But most approaches for modelling pedestrian dynamics in emergencies require complex computations, making it difficult to capture multiple individual behaviors within a single model. This paper describes an agent-based model (ABM) that incorporates Bayesian game theory into pedestrian simulations. It assumes that players (agents) are playing a Bayesian game (i.e. games with incomplete information) and adopt strategies based on the anticipated behaviors of others to achieve a Bayesian Nash Equilibrium (BNE). Here, the model agents make decisions based on the possible positions of neighbors in the next time period to maximize their comfort and efficiently achieve their evacuation goal. A series of simulation experiments were undertaken using corridors, bottlenecks, and intersections in simulated evacuation spaces with the characteristics of mass tramping accidents. BNE provides a realistic and efficient approach for modelling complicated pedestrian dynamics with strong applicability. The BNE-informed ABM performance (evacuation times, routes, and behaviors) demonstrates its ability to realistically simulate emergent patterns of evacuation behaviors. The results indicate that agents using game theory reflect the behaviors of individuals with crowds well: BNE agents evacuate effectively at low densities and low blockages but are confounded in situations with few route choices in highly constricted spaces. The BNE-informed model provides a platform to better understand diverse crowd behaviors (e.g. herding and self-organized queuing, etc.) in varied spatial contexts, contributing to the designs of urban public space, evacuation planning, and crowd management.",crossref
162221543,journal-article,Modelling urban transition with coupled housing and labour markets,,2023,7,4,Environment and planning. B: Urban analytics and city science,51,3,590-609,10.1177/23998083231186623,https://app.dimensions.ai/details/publication/pub.1160461502,2399-8083,,,J Ge; B A Furtado,bibtex,"@article{gemodellingmarkets,
author = {Ge, J and Furtado, BA},
journal = {Environment and Planning B: Urban Analytics and City Science},
month = {Jul},
note = {© The Author(s) 2023.  This article is distributed under the terms of the Creative Commons Attribution 4.0 License (https://creativecommons.org/licenses/by/4.0/) which permits any use, reproduction and distribution of the work without further permission provided the original work is attributed as specified on the SAGE and Open Access page (https://us.sagepub.com/en-us/nam/open-access-at-sage).},
publisher = {SAGE},
title = {Modelling urban transition with coupled housing and labour markets},
url = {https://www.webofscience.com/api/gateway?GWVersion=2\&SrcApp=PARTNER_APP\&SrcAuth=LinksAMR\&KeyUT=WOS:001022096000001\&DestLinkType=FullRecord\&DestApp=ALL_WOS\&UsrCustomerID=378ec14fd3cd2d2d756f42f58f326e84},
url = {https://journals.sagepub.com/doi/10.1177/23998083231186623},
year = {2023},
doi = {10.1177/23998083231186623},
issn = {2399-8083},
eissn = {2399-8091},
keyword = {Urban transition},
keyword = {urban resilience and adaptation},
keyword = {agent-based model},
keyword = {inequality},
day = {4},
publicationstatus = {published},
}
","This study develops an agent-based model of urban transition, U-TRANS, with coupled housing and labour markets to simulate the transition of a city during a major industrial shift. We propose a dynamic, bottom-up framework incorporating the key interacting factors and micro mechanisms that drive the transition paths of cities. Using U-TRANS, we simulate a number of distinctive urban transition paths, from total collapse to weak recovery to enhanced training to global recruit, and analyse the resulting outcomes on economic growth, employment, inequality, housing price and the local neighbourhoods. We find that poor neighbourhoods benefit the most from growth in the new industry, whereas rich neighbourhoods do better than the rest when growth stagnates and the city declines. We also find there is a subtle trade-off between growth and equality in development strategy. By aggressively recruiting a large number of skilled workers from outside of the city in a short time, the division between local and non-local workers can be widened. The study contributes to the understanding of the dynamic process and micro mechanisms underlying urban transition. It helps explain why some cities starting from seemingly similar initial conditions may go on divergent development paths at critical moments in the history. It also demonstrates the heterogeneous impact of industrial shift on different urban neighbourhoods. The model can be used as a policy testbed for different development strategies to help cities navigate through a major industrial revolution.",crossref
162221498,other,Social influence and meat-eating behaviour – An agent-based model,,2021,11,1,,,,,10.31219/osf.io/u2tmd,https://app.dimensions.ai/details/publication/pub.1142996894,,,,Jiaqi Ge; Andrea Scalco; Tony Craig,bibtex,"@misc{gesocialmodel,
author = {Ge, J and Scalco, A and Craig, T},
month = {Nov},
publisher = {Center for Open Science},
title = {Social influence and meat-eating behaviour – An agent-based model},
year = {2021},
doi = {10.31219/osf.io/u2tmd},
keyword = {38 Economics},
keyword = {3109 Zoology},
keyword = {31 Biological Sciences},
keyword = {2.3 Psychological, social and economic factors},
day = {1},
publicationstatus = {published},
}
","Humans are social animals. Even the very personal decision of what someone eats is influenced by others around them. In this study, we propose four social interaction mechanisms driven by social identity that affect a person’s decision to eat or not eat meat. Using data from the British Social Attitude Survey in 2014, we operationalise social identity in an agent-based model to study the effect of social interactions on the spread of meat-eating behaviour in the British population. We find that social interactions are crucial in determining the spread of meat-eating behaviour. In order to bring about large-scale behavioural changes at the system level, people need to 1) have a strong openness to influences from both in-group and out-group members who have a different dietary behaviour, and 2) have a weak tendency to reinforce their current behaviour after seeing in-group members sharing the same behaviour. The agent-based model is shown to be a useful tool to operationalise social theories in a well-defined context, and to upscale the system to study its dynamic evolutions under different scenarios.",crossref
